{
  "best_classifier": "Logistic Regression",
  "embedding_model_name": "BAAI/bge-small-en-v1.5",
  "embedding_model_version": "layers_12_dim_384",
  "pipeline_version": "phase_6_embedding_router_v1",
  "results": {
    "all_results": {
      "CatBoost": {
        "cross_validation": {
          "f1": {
            "folds": 5,
            "mean": 0.0,
            "std": 0.0
          },
          "roc_auc": {
            "folds": 5,
            "mean": 0.7038061155108352,
            "std": 0.027944080443481706
          }
        },
        "estimator": "CatBoostClassifier",
        "hyperparameters": {
          "iterations": 183,
          "learning_rate": 0.23834286401720742
        },
        "optimized_threshold": 0.04,
        "test_metrics": {
          "accuracy": 0.7793478260869565,
          "confusion_matrix": [
            [
              684,
              187
            ],
            [
              16,
              33
            ]
          ],
          "f1": 0.24535315985130113,
          "precision": 0.15,
          "recall": 0.673469387755102,
          "roc_auc": 0.778017291876567
        },
        "train_metrics": {
          "accuracy": 0.9263586956521739,
          "confusion_matrix": [
            [
              3212,
              271
            ],
            [
              0,
              197
            ]
          ],
          "f1": 0.5924812030075188,
          "precision": 0.42094017094017094,
          "recall": 1.0,
          "roc_auc": 1.0
        },
        "weighted_ranking_score": 0.455067
      },
      "Gradient Boosting": {
        "cross_validation": {
          "f1": {
            "folds": 5,
            "mean": 0.0,
            "std": 0.0
          },
          "roc_auc": {
            "folds": 5,
            "mean": 0.7138523669236732,
            "std": 0.030441459394170575
          }
        },
        "estimator": "GradientBoostingClassifier",
        "hyperparameters": {
          "learning_rate": 0.032351746766561384,
          "n_estimators": 193
        },
        "optimized_threshold": 0.05,
        "test_metrics": {
          "accuracy": 0.6934782608695652,
          "confusion_matrix": [
            [
              599,
              272
            ],
            [
              10,
              39
            ]
          ],
          "f1": 0.21666666666666667,
          "precision": 0.12540192926045016,
          "recall": 0.7959183673469388,
          "roc_auc": 0.791302514117013
        },
        "train_metrics": {
          "accuracy": 0.7519021739130435,
          "confusion_matrix": [
            [
              2571,
              912
            ],
            [
              1,
              196
            ]
          ],
          "f1": 0.3003831417624521,
          "precision": 0.17689530685920576,
          "recall": 0.9949238578680203,
          "roc_auc": 0.9660205989643679
        },
        "weighted_ranking_score": 0.462255
      },
      "LightGBM": {
        "cross_validation": {
          "f1": {
            "folds": 5,
            "mean": 0.0,
            "std": 0.0
          },
          "roc_auc": {
            "folds": 5,
            "mean": 0.6490118229636425,
            "std": 0.14545164603344332
          }
        },
        "estimator": "LGBMClassifier",
        "hyperparameters": {
          "learning_rate": 0.16118852426037406,
          "n_estimators": 102
        },
        "optimized_threshold": 0.05,
        "test_metrics": {
          "accuracy": 0.8771739130434782,
          "confusion_matrix": [
            [
              788,
              83
            ],
            [
              30,
              19
            ]
          ],
          "f1": 0.25165562913907286,
          "precision": 0.18627450980392157,
          "recall": 0.3877551020408163,
          "roc_auc": 0.7893577637714098
        },
        "train_metrics": {
          "accuracy": 1.0,
          "confusion_matrix": [
            [
              3483,
              0
            ],
            [
              0,
              197
            ]
          ],
          "f1": 1.0,
          "precision": 1.0,
          "recall": 1.0,
          "roc_auc": 1.0
        },
        "weighted_ranking_score": 0.423574
      },
      "Linear SVM": {
        "cross_validation": {
          "f1": {
            "folds": 5,
            "mean": 0.0,
            "std": 0.0
          },
          "roc_auc": {
            "folds": 5,
            "mean": 0.7186992456619058,
            "std": 0.01228278142111104
          }
        },
        "estimator": "SVC",
        "hyperparameters": {
          "C": 0.7352797902889516
        },
        "optimized_threshold": 0.06,
        "test_metrics": {
          "accuracy": 0.7684782608695652,
          "confusion_matrix": [
            [
              671,
              200
            ],
            [
              13,
              36
            ]
          ],
          "f1": 0.25263157894736843,
          "precision": 0.15254237288135594,
          "recall": 0.7346938775510204,
          "roc_auc": 0.8078680381452236
        },
        "train_metrics": {
          "accuracy": 0.7633152173913044,
          "confusion_matrix": [
            [
              2640,
              843
            ],
            [
              28,
              169
            ]
          ],
          "f1": 0.27956989247311825,
          "precision": 0.16699604743083005,
          "recall": 0.8578680203045685,
          "roc_auc": 0.8817155407483191
        },
        "weighted_ranking_score": 0.476498
      },
      "Logistic Regression": {
        "cross_validation": {
          "f1": {
            "folds": 5,
            "mean": 0.0,
            "std": 0.0
          },
          "roc_auc": {
            "folds": 5,
            "mean": 0.7738460816978664,
            "std": 0.020916438221023726
          }
        },
        "estimator": "LogisticRegression",
        "hyperparameters": {
          "C": 5.837006941817552
        },
        "optimized_threshold": 0.05,
        "test_metrics": {
          "accuracy": 0.6989130434782609,
          "confusion_matrix": [
            [
              602,
              269
            ],
            [
              8,
              41
            ]
          ],
          "f1": 0.22841225626740946,
          "precision": 0.13225806451612904,
          "recall": 0.8367346938775511,
          "roc_auc": 0.8081726375969447
        },
        "train_metrics": {
          "accuracy": 0.7073369565217391,
          "confusion_matrix": [
            [
              2412,
              1071
            ],
            [
              6,
              191
            ]
          ],
          "f1": 0.26182316655243315,
          "precision": 0.15134706814580032,
          "recall": 0.9695431472081218,
          "roc_auc": 0.9034804292349643
        },
        "weighted_ranking_score": 0.479166
      },
      "Random Forest": {
        "cross_validation": {
          "f1": {
            "folds": 5,
            "mean": 0.009523809523809523,
            "std": 0.019047619047619046
          },
          "roc_auc": {
            "folds": 5,
            "mean": 0.7134885068571002,
            "std": 0.040664734353268436
          }
        },
        "estimator": "RandomForestClassifier",
        "hyperparameters": {
          "max_depth": 9,
          "n_estimators": 240
        },
        "optimized_threshold": 0.06,
        "test_metrics": {
          "accuracy": 0.7543478260869565,
          "confusion_matrix": [
            [
              661,
              210
            ],
            [
              16,
              33
            ]
          ],
          "f1": 0.22602739726027396,
          "precision": 0.13580246913580246,
          "recall": 0.673469387755102,
          "roc_auc": 0.7902247006724619
        },
        "train_metrics": {
          "accuracy": 0.8730978260869565,